race,gender,age_group
Hispanic,Male,middle aged
White,Female,old aged
White,Female,old aged
Black,Male,old aged
Asian,Female,old aged
Asian,Female,middle aged
Asian,Male,old aged
White,Female,middle aged
Black,Female,middle aged
Hispanic,Male,old aged
White,Male,middle aged
White,Male,old aged
Asian,Male,middle aged
Black,Male,old aged
Black,Female,middle aged
Asian,Male,old aged
Black,Male,middle aged
Hispanic,Male,middle aged
Hispanic,Female,middle aged
White,Male,middle aged
Hispanic,Female,old aged
Hispanic,Female,middle aged
Asian,Male,middle aged
Black,Female,old aged
White,Female,middle aged
Hispanic,Male,old aged
Asian,Female,old aged
Hispanic,Female,old aged
Black,Female,old aged
Asian,Female,middle aged
Black,Male,middle aged
White,Male,old aged
